Title,Author,Issue,DOI,File,Date,Abstract
Trail1,Sandeep,1,10.1177/095440892110730,IJACM_01_01_001.pdf,2025-12-01,This paper explores advanced computing applications in mechanical systems design and optimization.
Trail2,"Hart, Megh",1,10.1007/s40430-020-02750-3,IJACM_16_06_020.pdf,2025-12-24,Research on intelligent control systems applied to industrial automation processes.
Trail3,Ram & Laxman,1,10.1007/s40430-020-02750-4,IJACM_16_06_020.pdf,2026-02-11,A comprehensive study on computational mechanics simulation techniques.
Trail4,"Ram, Ravi, Hari",1,10.1007/s40430-020-02750-5,IJACM_16_06_020.pdf,2026-06-19,Integration of smart manufacturing systems in Industry 4.0 environments.
Trail5,"Vishnu, Karan",1,10.1007/s40430-020-02750-6,IJACM_16_06_020.pdf,2025-10-01,Applications of robotics and mechatronics in modern engineering systems.
Trail6,"Karan, Vishnu",1,10.1007/s40430-020-02750-7,IJACM_16_06_020.pdf,2026-12-24,Implementation of digital twins in cyber-physical systems for predictive maintenance.
Trail7,VVVV,1,10.1007/s40430-020-02750-8,IJACM_16_06_020.pdf,2026-03-11,Application of artificial intelligence algorithms in mechanical design optimization.
Trail8,Author8,1,10.1007/s40430-020-02750-9,IJACM_16_06_020.pdf,2027-06-19,Strategies for successful Industry 4.0 implementation in manufacturing.
Trail9,Author9,1,10.1007/s40430-020-02750-10,IJACM_16_06_020.pdf,2025-01-14,Machine learning techniques for predictive analytics in engineering systems.
